{
  "latency_mean_ms": 117.32949255034328,
  "latency_std_ms": 0.5716479509837821,
  "latency_median_ms": 117.22549889236689,
  "peak_memory_mb": 1524.23388671875,
  "num_warmup": 10,
  "num_runs": 50,
  "checkpoint": "exp/s3dis/semseg-pt-v3m1-0-base/model/model_best.pth"
}